AnhQuan,AnhQuan123
LeTuan,LeTuan123
AnhThu,AnhThu123
TranLong,TranLong123
phuongdong,admin3105
NguyenHuy,NguyenHuy123
Phuong,Phuong123
